label,score
lh_L_V1,5.74085125249121
lh_L_MST,7.22179161326251
lh_L_V6,5.75731919721706
lh_L_V2,5.65257800354108
lh_L_V3,5.66312531131846
lh_L_V4,6.39903648718845
lh_L_V8,3.80136387327252
lh_L_4,5.55249368427059
lh_L_3b,6.04655221806068
lh_L_FEF,6.48218940121777
lh_L_PEF,7.25122570247645
lh_L_55b,6.92658157434735
lh_L_V3A,7.66769438827223
lh_L_RSC,5.95691384998886
lh_L_POS2,6.15723127112468
lh_L_V7,7.95272611984791
lh_L_IPS1,6.68399190834382
lh_L_FFC,3.76779518573297
lh_L_V3B,7.98858904926718
lh_L_LO1,7.64302985284037
lh_L_LO2,8.34222157756835
lh_L_PIT,6.45732146972526
lh_L_MT,7.22146135335928
lh_L_A1,5.59040771101953
lh_L_PSL,7.7559062910236
lh_L_SFL,5.79503147308171
lh_L_PCV,5.92122379147534
lh_L_STV,7.95104288055452
lh_L_7Pm,6.45890877543952
lh_L_7m,6.582343218846
lh_L_POS1,5.2944066874078
lh_L_23d,6.24003251324255
lh_L_v23ab,7.51646187521295
lh_L_d23ab,7.55648087676811
lh_L_31pv,6.60103860324389
lh_L_5m,4.74452356226617
lh_L_5mv,4.95459770702219
lh_L_23c,5.3884220174144
lh_L_5L,5.52079149311155
lh_L_24dd,5.11303885284252
lh_L_24dv,5.252329936149
lh_L_7AL,5.65040262251481
lh_L_SCEF,5.59387590877686
lh_L_6ma,5.79976580725083
lh_L_7Am,5.93471402921914
lh_L_7PL,6.58098457569456
lh_L_7PC,6.24124983873111
lh_L_LIPv,6.08932543464839
lh_L_VIP,6.4809232135517
lh_L_MIP,6.65838320833825
lh_L_1,5.86201479232272
lh_L_2,5.41363272968973
lh_L_3a,6.11505278257447
lh_L_6d,5.72532874646798
lh_L_6mp,5.25100214428535
lh_L_6v,7.69795261748673
lh_L_p24pr,5.47389301099728
lh_L_33pr,4.28469115005014
lh_L_a24pr,5.88623374415673
lh_L_p32pr,5.63884965099277
lh_L_a24,4.91418836735716
lh_L_d32,6.1815010430266
lh_L_8BM,5.7708600043203
lh_L_p32,4.95034924577106
lh_L_10r,4.3549135583677
lh_L_47m,5.22036529653412
lh_L_8Av,7.12626660047003
lh_L_8Ad,6.84643242010037
lh_L_9m,5.87203607613142
lh_L_8BL,6.05535991708076
lh_L_9p,6.44543103111882
lh_L_10d,5.29010046262394
lh_L_8C,7.26245015793025
lh_L_44,7.32131855281283
lh_L_45,6.21952317253306
lh_L_47l,4.92384393693424
lh_L_a47r,4.73606637795271
lh_L_6r,6.65844307632112
lh_L_IFJa,6.97692556957843
lh_L_IFJp,6.56752390469746
lh_L_IFSp,6.89079813757228
lh_L_IFSa,6.65992982378148
lh_L_p9-46v,6.96063273787122
lh_L_46,7.18625200765065
lh_L_a9-46v,6.72164411302933
lh_L_9-46d,6.69771101217883
lh_L_9a,6.22797189979622
lh_L_10v,3.19982002401822
lh_L_a10p,4.80084912973168
lh_L_10pp,3.09880162092172
lh_L_11l,3.41901362759847
lh_L_13l,3.99018902797508
lh_L_OFC,1.55001160403028
lh_L_47s,4.04351142940382
lh_L_LIPd,6.82319095582344
lh_L_6a,6.0797755654207
lh_L_i6-8,6.49383029890515
lh_L_s6-8,6.78137872547009
lh_L_43,6.15761991949003
lh_L_OP4,5.99214685305572
lh_L_OP1,5.14818566104846
lh_L_OP2-3,5.20738122989051
lh_L_52,4.59837813861531
lh_L_RI,5.82049314957011
lh_L_PFcm,5.76972846657537
lh_L_PoI2,4.54250489630371
lh_L_TA2,4.31239857249671
lh_L_FOP4,5.61508457422916
lh_L_MI,5.57560221349587
lh_L_Pir,2.96318214839788
lh_L_AVI,5.49046073546672
lh_L_AAIC,4.32356899113261
lh_L_FOP1,5.33330603255227
lh_L_FOP3,5.53904922596196
lh_L_FOP2,4.68654027033755
lh_L_PFt,6.92167985854885
lh_L_AIP,6.28513988728688
lh_L_EC,2.22071550088908
lh_L_PreS,3.05054332930399
lh_L_H,2.98555068034433
lh_L_ProS,4.52246233161076
lh_L_PeEc,2.30807086085928
lh_L_STGa,4.30639955945147
lh_L_PBelt,5.37009324898703
lh_L_A5,5.43772731281417
lh_L_PHA1,3.46947090731612
lh_L_PHA3,3.38553903500545
lh_L_STSda,4.57056286156439
lh_L_STSdp,5.12348996426648
lh_L_STSvp,5.51675847241706
lh_L_TGd,2.79780803067624
lh_L_TE1a,4.4400227884823
lh_L_TE1p,6.30340453498891
lh_L_TE2a,2.41053503814167
lh_L_TF,1.74221040444376
lh_L_TE2p,2.2129107702041
lh_L_PHT,7.77598945256214
lh_L_PH,5.81347999341615
lh_L_TPOJ1,6.38870197633958
lh_L_TPOJ2,7.67268292716593
lh_L_TPOJ3,8.12705115086767
lh_L_DVT,5.92251456706873
lh_L_PGp,8.8734341898586
lh_L_IP2,7.41499020659132
lh_L_IP1,7.41832320282384
lh_L_IP0,7.55891273118276
lh_L_PFop,7.31762351536054
lh_L_PF,8.28757443594014
lh_L_PFm,9.01325710442093
lh_L_PGi,8.05700659292309
lh_L_PGs,8.92164594239919
lh_L_V6A,8.47712085799718
lh_L_VMV1,4.13649167179881
lh_L_VMV3,3.26277345621602
lh_L_PHA2,3.55342635813033
lh_L_V4t,8.47382387408978
lh_L_FST,7.0280400015268
lh_L_V3CD,8.78111671640295
lh_L_LO3,6.83133337736172
lh_L_VMV2,4.18578118758201
lh_L_31pd,6.8635996566516
lh_L_31a,6.75246604270126
lh_L_VVC,3.19390649444142
lh_L_25,2.45709377274825
lh_L_s32,3.57761847947298
lh_L_pOFC,2.97638354096384
lh_L_PoI1,4.57699419034171
lh_L_Ig,5.11580212349991
lh_L_FOP5,5.3310641305197
lh_L_p10p,5.69250422787479
lh_L_p47r,6.15776087325161
lh_L_TGv,2.21305291286902
lh_L_MBelt,5.01294501091103
lh_L_LBelt,5.61140274076022
lh_L_A4,5.90564505527463
lh_L_STSva,4.06071475256374
lh_L_TE1m,4.49750798099934
lh_L_PI,3.22775196068364
lh_L_a32pr,6.29519297214261
lh_L_p24,5.78460266287847
rh_R_V1,5.69278450207579
rh_R_MST,4.68901199289219
rh_R_V6,5.34927416557152
rh_R_V2,5.37628688159023
rh_R_V3,4.9427764929648
rh_R_V4,4.50230847850659
rh_R_V8,3.16036569254962
rh_R_4,5.56661790836282
rh_R_3b,6.21128339832093
rh_R_FEF,6.88439145240843
rh_R_PEF,6.59447554630863
rh_R_55b,7.34126913626514
rh_R_V3A,5.87206621107398
rh_R_RSC,6.18742568790206
rh_R_POS2,6.38163482192167
rh_R_V7,6.10883710834861
rh_R_IPS1,5.97181174779117
rh_R_FFC,3.07485792444376
rh_R_V3B,5.86916690832314
rh_R_LO1,4.72573862421754
rh_R_LO2,5.07408338957687
rh_R_PIT,3.68314376367907
rh_R_MT,4.8865687542967
rh_R_A1,5.79965419762691
rh_R_PSL,6.96601373514155
rh_R_SFL,5.60286119500926
rh_R_PCV,6.24863270798358
rh_R_STV,5.80324043548416
rh_R_7Pm,6.1019399422776
rh_R_7m,7.0146500287475
rh_R_POS1,6.39655488368804
rh_R_23d,6.97092464970953
rh_R_v23ab,7.46357861383085
rh_R_d23ab,7.84647411696312
rh_R_31pv,7.36103554538379
rh_R_5m,4.90235987160587
rh_R_5mv,5.53829246580356
rh_R_23c,5.9642848583014
rh_R_5L,5.14455440182925
rh_R_24dd,5.37957715418191
rh_R_24dv,5.51965365486692
rh_R_7AL,5.117371813053
rh_R_SCEF,5.50962871785699
rh_R_6ma,5.90897120175772
rh_R_7Am,5.50383785717236
rh_R_7PL,6.33419288752637
rh_R_7PC,5.56963701770063
rh_R_LIPv,5.20335061226635
rh_R_VIP,5.70868290280543
rh_R_MIP,5.92423830909796
rh_R_1,5.93081548977192
rh_R_2,5.18372997351946
rh_R_3a,6.04648824085313
rh_R_6d,6.11958927354762
rh_R_6mp,5.62470716030867
rh_R_6v,7.10607588511494
rh_R_p24pr,5.2580339771823
rh_R_33pr,4.62516491782401
rh_R_a24pr,5.19738436817409
rh_R_p32pr,5.32676269466406
rh_R_a24,4.94231195339266
rh_R_d32,5.84610150325414
rh_R_8BM,6.00753718931459
rh_R_p32,4.84148231547529
rh_R_10r,4.10295202853375
rh_R_47m,5.64951412618549
rh_R_8Av,6.77283694842181
rh_R_8Ad,6.09635991952503
rh_R_9m,5.75300572570582
rh_R_8BL,6.26677236560527
rh_R_9p,6.13053384467295
rh_R_10d,5.35231377615125
rh_R_8C,6.58789752900403
rh_R_44,7.09066995262582
rh_R_45,6.23822707129188
rh_R_47l,4.63669279200026
rh_R_a47r,4.97906947924572
rh_R_6r,6.18599977289019
rh_R_IFJa,6.52069968736737
rh_R_IFJp,6.35781337744021
rh_R_IFSp,6.65340520959077
rh_R_IFSa,6.8598890530851
rh_R_p9-46v,6.86768831217901
rh_R_46,6.62792636844403
rh_R_a9-46v,6.60674989429927
rh_R_9-46d,6.20858923643047
rh_R_9a,5.88427282924029
rh_R_10v,3.40237357152477
rh_R_a10p,4.11901902328022
rh_R_10pp,2.90892138377913
rh_R_11l,3.26463875106753
rh_R_13l,3.88120768937341
rh_R_OFC,1.68768451045635
rh_R_47s,4.49127018675741
rh_R_LIPd,6.1284562040331
rh_R_6a,6.07374169379412
rh_R_i6-8,6.23901432778335
rh_R_s6-8,6.13959518642397
rh_R_43,5.74697440589833
rh_R_OP4,5.39192767228323
rh_R_OP1,5.56298836833459
rh_R_OP2-3,5.66505239038801
rh_R_52,5.6013936642803
rh_R_RI,6.12997956191502
rh_R_PFcm,5.61746045567
rh_R_PoI2,4.80460470221363
rh_R_TA2,4.03405304025387
rh_R_FOP4,6.10712586471918
rh_R_MI,5.93662493068472
rh_R_Pir,3.01602705639603
rh_R_AVI,5.56037547955762
rh_R_AAIC,4.64954756782061
rh_R_FOP1,5.0126344512334
rh_R_FOP3,6.17528148130832
rh_R_FOP2,5.48004536996798
rh_R_PFt,6.29798822441995
rh_R_AIP,5.91011410150167
rh_R_EC,2.31202766184057
rh_R_PreS,3.65436575120391
rh_R_H,3.35149316426931
rh_R_ProS,5.19855541220519
rh_R_PeEc,2.58842826295764
rh_R_STGa,3.82118831129762
rh_R_PBelt,5.39107700479339
rh_R_A5,4.73686700488917
rh_R_PHA1,4.60213330743185
rh_R_PHA3,4.89425536895954
rh_R_STSda,3.54592083237227
rh_R_STSdp,5.16640189796236
rh_R_STSvp,4.8307561118619
rh_R_TGd,2.91920561564971
rh_R_TE1a,3.59726313518192
rh_R_TE1p,3.89284069104216
rh_R_TE2a,2.38224167611147
rh_R_TF,2.62370352344767
rh_R_TE2p,2.55355906471701
rh_R_PHT,4.08436855985944
rh_R_PH,3.21491737338027
rh_R_TPOJ1,5.40579871031024
rh_R_TPOJ2,4.49309082500395
rh_R_TPOJ3,5.10692887548674
rh_R_DVT,5.78867775211137
rh_R_PGp,6.25239053893578
rh_R_IP2,6.16986841348983
rh_R_IP1,6.17901429097989
rh_R_IP0,5.68957198597444
rh_R_PFop,6.5364753726177
rh_R_PF,7.22073330713525
rh_R_PFm,6.9502409171023
rh_R_PGi,6.03745589575474
rh_R_PGs,7.39142586716878
rh_R_V6A,6.03279999367978
rh_R_VMV1,5.24752150552943
rh_R_VMV3,5.11094916708465
rh_R_PHA2,4.91286826366016
rh_R_V4t,4.52412774203966
rh_R_FST,4.23688958877076
rh_R_V3CD,5.27107952625626
rh_R_LO3,4.82695048156353
rh_R_VMV2,5.05444184805708
rh_R_31pd,7.65179508197385
rh_R_31a,7.31681836828566
rh_R_VVC,4.58827467966324
rh_R_25,2.65309254182393
rh_R_s32,3.43175932885393
rh_R_pOFC,3.16548238566077
rh_R_PoI1,4.90220132754628
rh_R_Ig,5.52919862855757
rh_R_FOP5,5.50014267483036
rh_R_p10p,5.55588416957383
rh_R_p47r,6.16103295520848
rh_R_TGv,2.05878073030124
rh_R_MBelt,5.33091907452659
rh_R_LBelt,5.77441728936643
rh_R_A4,5.67331557638708
rh_R_STSva,3.77531113591382
rh_R_TE1m,4.02296044085202
rh_R_PI,2.94915980084536
rh_R_a32pr,5.52971284348096
rh_R_p24,5.53268939339218
lh_???,0
rh_???,0
